{"stage": "rf_done", "rf_acc": 0.5967307346865457, "rf_f1": 0.5940609093838017, "rf_auc": 0.6315331905171055}