{
  "random_forest": {
    "test_accuracy": 0.5794764795144158,
    "per_class": {
      "bearish": {
        "precision": 0.5724572457245725,
        "recall": 0.646998982706002,
        "f1-score": 0.6074498567335244,
        "support": 1966.0
      },
      "bullish": {
        "precision": 0.613901018922853,
        "recall": 0.6985507246376812,
        "f1-score": 0.6534960294402479,
        "support": 2415.0
      },
      "neutral": {
        "precision": 0.31788079470198677,
        "recall": 0.10774410774410774,
        "f1-score": 0.16093880972338642,
        "support": 891.0
      }
    }
  },
  "xgboost": {
    "test_accuracy": 0.5698027314112292,
    "per_class": {
      "bearish": {
        "precision": 0.5475986277873071,
        "recall": 0.6495422177009156,
        "f1-score": 0.5942298743601675,
        "support": 1966.0
      },
      "bullish": {
        "precision": 0.6124348473566642,
        "recall": 0.6811594202898551,
        "f1-score": 0.644971574201137,
        "support": 2415.0
      },
      "neutral": {
        "precision": 0.3228346456692913,
        "recall": 0.0920314253647587,
        "f1-score": 0.14323144104803492,
        "support": 891.0
      }
    }
  },
  "feature_count": 43,
  "train_size": 24598,
  "val_size": 5271,
  "test_size": 5272,
  "symbols": [
    "EURUSD=X",
    "GBPUSD=X",
    "USDJPY=X",
    "AAPL",
    "MSFT",
    "GOOGL",
    "^GSPC",
    "ES=F",
    "NQ=F",
    "BTC-USD",
    "GC=F",
    "TSLA"
  ],
  "interval": "1h"
}