{
  "type": "out_of_sample",
  "symbols": [
    "AUDUSD=X",
    "NZDUSD=X",
    "USDCAD=X",
    "AMZN",
    "META",
    "NVDA",
    "JPM",
    "^DJI",
    "ETH-USD",
    "SI=F"
  ],
  "n_samples": 60110,
  "rf": {
    "acc": 0.583064381966395,
    "f1": 0.5777451740136983,
    "auc": 0.6110984474517109
  },
  "xgb": {
    "acc": 0.6045084012643487,
    "f1": 0.5902401641529423,
    "auc": 0.6480121778824987
  },
  "ensemble": {
    "acc": 0.6024288803859591,
    "f1": 0.59026065216408,
    "auc": 0.6463605429286671
  }
}