{
  "Random Forest": {
    "accuracy": 0.9657020364415863,
    "precision": 0.984984984984985,
    "recall": 0.967551622418879,
    "f1": 0.9761904761904762,
    "auc_roc": 0.9959743189311123
  },
  "XGBoost": {
    "accuracy": 0.9667738478027867,
    "precision": 0.9792592592592593,
    "recall": 0.9749262536873157,
    "f1": 0.9770879526977088,
    "auc_roc": 0.9958933425877726
  },
  "Ensemble": {
    "accuracy": 0.9667738478027867,
    "precision": 0.9821162444113264,
    "recall": 0.971976401179941,
    "f1": 0.9770200148257969,
    "auc_roc": 0.9958933425877726
  },
  "naive_baseline": 0.9464094319399786,
  "_config": {
    "target": "trend_regime_5d",
    "definition": "EMA_20 > EMA_50 at t+5",
    "symbols": [
      "AAPL",
      "MSFT",
      "GOOGL",
      "^GSPC"
    ],
    "years": 7
  }
}